{"cameraMode":{"drawMode":0,"name":"Shaded","section":"Shading Mode"},"sceneLighting":true,"audioPlay":false,"sceneViewState":{"showFog":true,"showMaterialUpdate":true,"showSkybox":true,"showFlares":true,"showImageEffects":true,"showParticleSystems":true},"in2DMode":false,"pivot":{"x":-13.910837173461914,"y":-1.606130599975586,"z":-5.4841814041137699},"rotation":{"x":-0.19304843246936799,"y":0.7819464802742004,"z":-0.29299384355545046,"w":-0.5152152180671692},"size":78.4532699584961,"orthographic":false}