{"cameraMode":{"drawMode":0,"name":"Shaded","section":"Shading Mode"},"sceneLighting":true,"audioPlay":false,"sceneViewState":{"showFog":true,"showMaterialUpdate":true,"showSkybox":true,"showFlares":true,"showImageEffects":true,"showParticleSystems":true},"in2DMode":false,"pivot":{"x":25.21698570251465,"y":3.1888318061828615,"z":0.5442569851875305},"rotation":{"x":-0.08634524792432785,"y":-0.326090931892395,"z":0.029906556010246278,"w":-0.9409117102622986},"size":26.503238677978517,"orthographic":false}