{"cameraMode":{"drawMode":0,"name":"Shaded","section":"Shading Mode"},"sceneLighting":true,"audioPlay":false,"sceneViewState":{"showFog":true,"showMaterialUpdate":true,"showSkybox":true,"showFlares":true,"showImageEffects":true,"showParticleSystems":true},"in2DMode":false,"pivot":{"x":11.47858715057373,"y":3.149965763092041,"z":9.436060905456543},"rotation":{"x":-0.13841202855110169,"y":0.22169756889343263,"z":-0.03182551637291908,"w":-0.9647173881530762},"size":17.59710693359375,"orthographic":false}