{"cameraMode":{"drawMode":0,"name":"Shaded","section":"Shading Mode"},"sceneLighting":true,"audioPlay":false,"sceneViewState":{"showFog":true,"showMaterialUpdate":true,"showSkybox":true,"showFlares":true,"showImageEffects":true,"showParticleSystems":true},"in2DMode":false,"pivot":{"x":22.540067672729493,"y":7.456629753112793,"z":-29.743648529052736},"rotation":{"x":0.061126094311475757,"y":0.7301535606384277,"z":-0.06589220464229584,"w":0.6773460507392883},"size":43.617610931396487,"orthographic":false}