{"cameraMode":{"drawMode":0,"name":"Shaded","section":"Shading Mode"},"sceneLighting":true,"audioPlay":false,"sceneViewState":{"showFog":true,"showMaterialUpdate":true,"showSkybox":true,"showFlares":true,"showImageEffects":true,"showParticleSystems":true},"in2DMode":false,"pivot":{"x":25.35051155090332,"y":-5.12410306930542,"z":9.462172508239746},"rotation":{"x":0.30838578939437868,"y":-0.007409749552607536,"z":0.0024122896138578655,"w":0.951229453086853},"size":74.77403259277344,"orthographic":false}