{"cameraMode":{"drawMode":0,"name":"Shaded","section":"Shading Mode"},"sceneLighting":true,"audioPlay":false,"sceneViewState":{"showFog":true,"showMaterialUpdate":true,"showSkybox":true,"showFlares":true,"showImageEffects":true,"showParticleSystems":true},"in2DMode":false,"pivot":{"x":20.708826065063478,"y":12.354649543762207,"z":-47.59602737426758},"rotation":{"x":0.07044169306755066,"y":-0.003591968212276697,"z":0.0002508436737116426,"w":0.9975094199180603},"size":22.0,"orthographic":false}