{"cameraMode":{"drawMode":0,"name":"Shaded","section":"Shading Mode"},"sceneLighting":true,"audioPlay":false,"sceneViewState":{"showFog":true,"showMaterialUpdate":true,"showSkybox":true,"showFlares":true,"showImageEffects":true,"showParticleSystems":true},"in2DMode":false,"pivot":{"x":22.548208236694337,"y":7.399475574493408,"z":-29.763059616088868},"rotation":{"x":0.19278696179389954,"y":0.3208335340023041,"z":-0.06687651574611664,"w":0.924892783164978},"size":23.4455509185791,"orthographic":false}