{"cameraMode":{"drawMode":0,"name":"Shaded","section":"Shading Mode"},"sceneLighting":true,"audioPlay":false,"sceneViewState":{"showFog":true,"showMaterialUpdate":true,"showSkybox":true,"showFlares":true,"showImageEffects":true,"showParticleSystems":true},"in2DMode":false,"pivot":{"x":16.42775535583496,"y":8.38737964630127,"z":-25.014781951904298},"rotation":{"x":0.25490638613700869,"y":0.29929080605506899,"z":-0.08331724256277085,"w":0.9156997203826904},"size":8.765947341918946,"orthographic":false}