{"cameraMode":{"drawMode":0,"name":"Shaded","section":"Shading Mode"},"sceneLighting":true,"audioPlay":false,"sceneViewState":{"showFog":true,"showMaterialUpdate":true,"showSkybox":true,"showFlares":true,"showImageEffects":true,"showParticleSystems":true},"in2DMode":false,"pivot":{"x":35.995140075683597,"y":-13.042011260986329,"z":-18.38776397705078},"rotation":{"x":0.238126739859581,"y":0.24952557682991029,"z":-0.06345000118017197,"w":0.9364863634109497},"size":105.93523406982422,"orthographic":false}