{"cameraMode":{"drawMode":0,"name":"Shaded","section":"Shading Mode"},"sceneLighting":true,"audioPlay":false,"sceneViewState":{"showFog":true,"showMaterialUpdate":true,"showSkybox":true,"showFlares":true,"showImageEffects":true,"showParticleSystems":true},"in2DMode":false,"pivot":{"x":15.06495189666748,"y":9.780009269714356,"z":-26.876876831054689},"rotation":{"x":0.25490638613700869,"y":0.29929080605506899,"z":-0.08331724256277085,"w":0.9156997203826904},"size":11.925932884216309,"orthographic":false}