{"cameraMode":{"drawMode":0,"name":"Shaded","section":"Shading Mode"},"sceneLighting":true,"audioPlay":false,"sceneViewState":{"showFog":true,"showMaterialUpdate":true,"showSkybox":true,"showFlares":true,"showImageEffects":true,"showParticleSystems":true},"in2DMode":false,"pivot":{"x":22.540067672729493,"y":7.456629753112793,"z":-29.743648529052736},"rotation":{"x":-0.017984800040721895,"y":0.5160785913467407,"z":0.01083829253911972,"w":0.8562838435173035},"size":39.11710739135742,"orthographic":false}