{"cameraMode":{"drawMode":0,"name":"Shaded","section":"Shading Mode"},"sceneLighting":true,"audioPlay":false,"sceneViewState":{"showFog":true,"showMaterialUpdate":true,"showSkybox":true,"showFlares":true,"showImageEffects":true,"showParticleSystems":true},"in2DMode":false,"pivot":{"x":23.669260025024415,"y":6.519266128540039,"z":-34.97270965576172},"rotation":{"x":0.14996159076690675,"y":-0.25834837555885317,"z":0.04063059389591217,"w":0.9534761905670166},"size":6.556464195251465,"orthographic":false}